{"stats":{"minecraft:mined":{"minecraft:grass":1,"minecraft:acacia_leaves":1},"minecraft:custom":{"minecraft:jump":53,"minecraft:time_since_rest":3386,"minecraft:damage_dealt":22,"minecraft:crouch_one_cm":208,"minecraft:leave_game":3,"minecraft:play_time":3386,"minecraft:sprint_one_cm":11767,"minecraft:damage_taken":100,"minecraft:time_since_death":3386,"minecraft:walk_one_cm":5247,"minecraft:sneak_time":237,"minecraft:total_world_time":3386,"minecraft:fall_one_cm":1436,"minecraft:fly_one_cm":93755}},"DataVersion":3105}